{"assets/audios/favicon.png":["assets/audios/favicon.png"],"assets/fonts/favicon.png":["assets/fonts/favicon.png"],"assets/images/app_launcher_icon.png":["assets/images/app_launcher_icon.png"],"assets/images/bg_login.png":["assets/images/bg_login.png"],"assets/images/emptyState@2x.png":["assets/images/emptyState@2x.png"],"assets/images/favicon.png":["assets/images/favicon.png"],"assets/images/logo.png":["assets/images/logo.png"],"assets/images/todo_0.0_Splash@3x.png":["assets/images/todo_0.0_Splash@3x.png"],"assets/images/uiList_Empty@3x.png":["assets/images/uiList_Empty@3x.png"],"assets/images/waves@2x.png":["assets/images/waves@2x.png"],"assets/lottie_animations/favicon.png":["assets/lottie_animations/favicon.png"],"assets/rive_animations/favicon.png":["assets/rive_animations/favicon.png"],"assets/videos/favicon.png":["assets/videos/favicon.png"],"packages/cupertino_icons/assets/CupertinoIcons.ttf":["packages/cupertino_icons/assets/CupertinoIcons.ttf"],"packages/flutter_google_places/assets/google_black.png":["packages/flutter_google_places/assets/google_black.png"],"packages/flutter_google_places/assets/google_white.png":["packages/flutter_google_places/assets/google_white.png"],"packages/font_awesome_flutter/lib/fonts/fa-brands-400.ttf":["packages/font_awesome_flutter/lib/fonts/fa-brands-400.ttf"],"packages/font_awesome_flutter/lib/fonts/fa-regular-400.ttf":["packages/font_awesome_flutter/lib/fonts/fa-regular-400.ttf"],"packages/font_awesome_flutter/lib/fonts/fa-solid-900.ttf":["packages/font_awesome_flutter/lib/fonts/fa-solid-900.ttf"]}